cor muito feia esperava um vermelho	0
lavei a primeira vez encheu de bolinha ficou muito feia o elástico da manga parecia brusa veia	0
excelente funciona mesmo o cachorro nao conaegue puxar o dono fica sempre ao lado	0
bonito mas não dá pra usar sutiã então se tem pouco peito fica feio	0
cor feia acabamento ruim e sem antiderrapante	0
uma bosta de atendimento recebi o farol da lado errado liguei diversas vezes (interurbano) porem sempre tinha uma enorme fila de espera envieei uns trinta e-mails e nao obtive resposta não indico esse loja para ninguem	Bad
linda valoriza a bunda e é muito elegante	0
não aconselho a 1ª vez que encomendei ja havia feito o pagamento e me ligaram dizendo que não podiam entragar devido ao dia de iemanja em salvador na 2ª fui mais infeliz pois encomendei uma coroa grande e me deparei com uma coroa pequena feia e totalmente diferente do acertado informei briguei tanto sim que depois de 1 semana me ligaram pedindo desculpas e me devolveram r$ 60 00 equivalente ao tamanho da coroa enviaram uma pequena não recomendo e tampouco vou encomendar mais com essa empresa	0
estou passando nas estrias e não vi resultado ainda mas tb estou usando em uma cicatriz no seio e tem sido excelente a cicatriz que era bem feia está quase imperceptível vou continuar usando sempre compro na época preço ótimo e entrega sempre antes do prazo	0
a cor diferente não veste bem muito feia	0
o feicho é fraco e não da para confiar quando o cachorro faz força já abriu 2x em passeios além disso as tiras esgarçaram o produto serve para ensinar cães a não puxarem no passeio mas não serve para cães que puxam e que são muito fortes ou seja foi inútil	0
o produto é muito bom bem acabado montagem simples peças firmes rodinhas silenciosas mas o estofado do assento é um pouco fino e pouco denso peso 66kg e depois de alguns minutos sentado sinto como se nao tivesse mais espuma minha bunda encosta na madeira gera um pequeno desconforto mas nada que nao me deixe usar a cadeira resolvendo esse problema no assento a cadeira é nota 1000	0
comprei g e ficou um pouco pequeno nos peitos e deveria ser um pouco mais grosso mais é bonito	0
amei muito cheiro sexual eu recomendo produto de qualidade	0
adorei fica fica muito sex	0
acho que deveria ter uma forma da capa ficar fixa ao banco nas laterais pois o cachorro se mexe e ela sai do lugar deixando o banco desprotegido	0
o produto é bom o unico detalhe é que efetuei a compra do produto 17588 bi color e recebi o produto12277 é um modelo semelhante porem muito mais feio do que eu comprei como tinha a necessidade do mesmo não efetuei a devolução mas caso contrario com certeza iria devolver	0
muito vagabundo não encaixa não gostei	Bad
veio com defeito e o fdp não devolveu meu dinheiro	Bad
o produto em si nao é tao ruim mas comparado com o da loreal por exemplo perde feio a duração dele na minha pele não ultrapassou umas tres horas a cobertura não é boa tem que se passar uma maior quantidade pra cobrir um pouquinho mais não fica matte com o passar do tempo o preço em relação ao da loreal é mais alto então vou usar pois comprei mas não tera uma segunda vez	0
eu havia comprado o mesmo perfume num shopping popular pensando ser falso e era realmente muito bom fixava e o perfume era agradável o que recebi desta loja não é perfume não fixa e não tem cheiro de perfume me senti lesado reclamei no site e recebi como resposta um nº 0800 para ligar para outra empresa como se eu tivesse comprado em outro lugar	0
tênis veio menor e com aspectos de ser falso tento contato com a loja para troca e não consigo me sinto enganado e lesado	0
maravilhoso minha cachorra se alimenta brincando com a ração só felicidade	0
foge totalmente do que a aleatory produz parece uma blusa falsa tecido feio cor sem vida ( a cor de rosa)	0
está funcionando a contento só que a rosca de um prisioneiro que segura a caixa do filtro de ar espanou	0
quanto as calças lejeans no calor não dá pra usar não e tambem não empina bunda não	0
uma porcaria não vale o que paguei ao efetuar a compra ainda me certifiquei que a coroa seria da cor e modelo que indicava e não foi nada parecido o atendente me garantiu que seria uma coroa com flores brancas e vermelhas e que se houvesse falta de alguma flor colocariam uma de qualidade e preço semelhante ou superior e rosas vermelhas a coroa entregue me envergonhou no velório mandaram flores de um rosa horroroso cores mortas ainda flor de qualidade péssima que não vale nunca os 250 reais pagos ligeui reclamando e mandaram uma pessoa que teve a cara de pau de colocar 10 botões de rosa vermelha no meio daquela coroa deixando o carnaval que estava pior ainda reclamei novamente e nunca obtive resposta vou exigir reembolso	Bad
eu achei o cheiro bem ruim parece perfume vagabundo	Bad
pqp é bom nao quero usar palavras com 5 letras	Bad
como que eu posso dar qualquer avaliação se o serviço de transporte de vocês é lastimável e até agora mais de 12 dias eu não recebi o produto além de constar no rastreamento que eu já recebi o sac de vocês é arcaico me informou que tem um prazo de 5 dias úteis para averiguação do que aconteceu com a transportadora e vocês ainda vem me perguntar o que eu achei dessa bosta de produto eu nem recebi esta merda mas já posso dizer que foi com certeza a compra de maior arrependimento na minha vida porque o constrangimento e frustração que a sua empresa está me causando já superou e muito a satisfação que eu poderia ter tido com a compra que deveria ser de natal mas pelo visto num vai ser é de data nenhuma porque esta merda não vai chegar nunca e eu vou ter perdido meu tempo esperando e na melhor das hipóteses com o estorno nunca vou recuperar o tempo perdido nem a raiva causada	Bad
o produto escolhido e de boa aparencia nunca é encontrado o produto adquirido não é o esperado pois poderia ser menor e um modelo maus adapto e bonito achei o sapato muito feio e só comprei porque não tive escolha	0
excelente produto a unica dois ruim eh o vidro vagabundo do relógio	Bad
feio forma muito pequena e esquesita não gostei	0
eu achei um porqueira uma merda fidida	Bad
linda esta calcinha clássica chic e sex	0
o produto e muito bom e graças a deus que nao foi vcs que fabricaram pois se depender do serviço de vcs eu to e fudido ate hoje estou esperando vcs mandarem o codigo de postagem para que possa efetua a troca do produto e nada vcs estao de parabens com a forma de trabalhar :( ¿¿¿	Bad
muito menos barulhento do que os outros de outras marcas funciona muito bem mas fiquei decepcionada com sua aparência pois na foto ele parece apresentável mas pessoalmente ele foi confeccionado com um material fosco e rústico feio mesmo	0
com toda a sinceridade não sei pois a empresa mandou um produto que não pedi e outra não resolve meu problema por este motivo estou á procurar meus direitos como um consumidor lesado	0
pelo que se paga o produto é okay mas é feio e ainda não instalei nem testei tive problemas com a schumann loja onde comprei o depurador ou melhor com a empresa transportadora eles trouxeram o meu produto com a caixa rasgada e a parte superior afundada e riscada o entregador disse que já estava assim eu quase perguntei porque eles não retornaram mas como já havia demorado muito pra receber resolvi ficar com o produto e fazer uma observação no recibo de entrega	0
muito bonita a cama meu cachorro adorou fácil de lavar	0
o aspecto de sujo deixa o produto feio	0
eu achei muito bom para minha cadela que tem alergia	0
veio com cheiro de mofo  bolor veio tamanho xg e meu cachorro é um salsichinha	0
não gostei muito a embalagem é feia	0
bom porem a rosca estava apertda	0
a pior compra que eu já fiz na vida o material dá arrepios no cachorro e o osso é pesado mesmo se o cachorro fosse morder o osso no chão o material é tão ruim que toda vez que ele lambe ele dá um pulo para trás de tanto arrepio péssima compra já fiz de tudo e o meu beagle não se interessa pelo osso voltou a morder os móveis	0
eu não consigo saber como é o produto porque vcs ainda não entregaram já liguei reclamando ficaram de entregar na quarta feira passada (depois da reclamação) e ainda nada nem sinal de vida nunca mais compro porra nenhuma com vcs e se não chegar até quarta feira dessa semana nem precisam entregar só quero meu dinheiro de volta	Bad
eu só esperava que viesse mais embalado dentro de uma caixinha veio dentro de um saquinho feio mas tudo bem	0
uma merda esse pedido não chegou até hoje estou esperando e nada a connect parts não fala nada	Bad
a peça é feia e ocupa muito espaço na mesa	0
malha feia manga apertada não parece aleatory	0
veio com um pedaço branco bem na bunda na descrição cita que pode acontecer isso nas bordas mas a minha veio bem no meio simplesmente não dá pra usar	Bad
meu cachorro usa há muito tempo recomendo	0
não gostei do produto muito feio o som da buzina não tem nada a ver com a paquerinha que conhecemos	0
muito lindo não é cremosão com os batons da avon o que o torna uma ótima pedida pro verão nada de meleca nos labios	0
estou precisando de garantia do produto e nao consigo até agora produto uma bosta e servico de garantia pior ainda	Bad
horrível pensei q seria parecido com cromado mas o produto e feio não deu diferença no meu veiculo nunca mais	0
este é o primeiro cinto de segurança que compro para o meu cachorro achei a qualidade excelente a loja me manteve informado toda a hora sobre o andamento do meu pedido e a entrega foi rápida recomendo	0
caneca muito linda todo mundo pensa q é o meu cachorro mesmo qualidade da imagem tbm é boa	0
toda torta e feia	0
eu achei o produto ótimo dá para por perfume e o outro eu pus hidratante	0
as pernas nao abracam a polpa da nadega ficas desconfortavel deveria ser um uco mais comprida	0
eu achei perigoso meu cachorro mordeu a parte menor e saíram vários fiapos de plástico e fiquei preocupado e dei fim ao brinquedo acho que não houve cuidados neste detalhe perdi meu dinheiro	0
recebi a sinaleira traseira esquerda rachada	0
eu amei tecido maravilhoso esquenta bem e triste que nao troca porque ficou um pouco apertado porque nao tinha nocao do tamanho da minha cachorra ainda nao tinha compra vestido pra ela	0
entrega em dia produto excelente meu cachorro ama	0
segura super bem os peitos	0
se a minha cadela não destruiu é porque é excelente	0
é muito feio um pedaço de meia ninguém merece	0
se era pra ser um fantasy igual o rosa porém se roupa nova erraram feio a saída da fragrância é diferente menos doce e a fixação é péssima nem duas horas na pele parece uma eua de fraich da fragrância original não gostei	0
tenho uma cadela que é alérgica a carne bovina e de frango estou aproveitando e dando para os outros 8 eu e minha esposa somos vegetarianos agora nossos cães também	0
eu achei esse perfume maravilhoso e com certeza vou comprar outro gostaria de ganhar algumas amostrinha pois a gente se arrisca comprando no escuro o que não é o caso do sex and the city	0
péssimo estou com problema no farol de milha e ninguem resolveu meu problema já mandei um e-mail com as merda das fotos do acontecido e até agora ninguem se prontificou inves de querer solucionar fica mandando e-mail com opinão só podem estar de brincadeira quando vão trocar minha mercadoria quero uma resposta	Bad
o produto chegou rachado e ainda não consegui troca essa empresa não tem respeito com o cliente	0
meu cachorro adora ele eu ja tinha um que comprei em uma feira ano passado e ja faz um ano e ainda tem cheiro de banana e mesmo meu cachorro sendo terrivel ele nao conseguiu destruir ótimo mesmo	0
entrega rapida bom produto preço just e meu cachorro ficou uma graça	0
a manopla de câmbio com o nome descascou tudo ficou a coisa mas feia do mundo em quando as outras coisas tá até agora legal	0
muito bom só não gostei que mudou a cor da embalagem e a biqueira que possuo em casa está numa tampa de outra cor vai ficar feio	0
parece pelo de cachorro velho muito diferente dessa foto	0
quadrado demais feio pano feio não gostei de nada	0
material de má qualidade e aspecto feio	0
cheirosos kit ótimo você usa nos dias para fazer amor o sexo fica bem cheiroso	0
não tem bojo é transparente tem que comprar o tamanho exato para ter bom caimento muito lindo e sex	0
na primeira vez que precisei apontar ele quebrou a ponta recém feita o material é podre	Bad
boa noite tudo bem eu não gosto causa feio branco bonito prata volante rally	0
esse eu amei é o melhor sutiã que já tive na vida não tem aquele bendito ferrinho no bojo que sempre machuca conforme usamos a peça é extremamente confortável e macio e não deforma os peitos ele é perfeito quero um de cada cor pra usar todo dia maravilhoso obs: a forma é pequena pra quem usa número 44 o tamanho correto pra comprar desse modelo é o g	0
Vocês são uns corruptos	Bad
gostei bastante lindo confortável e sex	0
confortável bonita e muito muito sex	0
comprei achando que era um produto e na verdade é outro até hoje não sei se fui eu quem não entendi o anúncio ou ele não é muito claro o azul da luz é feio não ilumina muito e acabei dando os dois pares que comprei	0
chegou quebrado na minha casa já faz quase 2semanas e ainda não vieram trocar chegou rachado e com arranhões demais como se fosse o ultimo do estoque só posso falar mais quando a troca for efetuada e eu avaliar o estado do novo para choque sendo positivo terei o prazer de voltar aqui e dar meu ótimo	0
muito feio e grande de mais me decepcionei	0
achei muito a entrega mais po vendi mais de 2 mil pra vc e vc manda um capacito de brinde e fica mandando desconto de 20 por cente pra mim to fazendo venda pra vc pra nada ai e foda vc nem responde os imail q agente manda	0
o produto é razoável porém tem alguns problemas de ajustes e acabamento tais como o encaixe das grades de alto-falantes a montagem dos falantes e o ajuste com a montagem do trilho de alumínio que vai fixado nele também requer alguma furação extra o que foi resolvido com uma furadeira e parafusos de rosca soberba porém devo dizer que resolveu o meu problema pois as peças originais feitas de plástico duro estavam todas quebradiças o que espero que não aconteça tão cedo com as peças em questão aqui que parecem ser feitas de material um pouco diferente	0
meu cachorro estranhou um pouco no primeiro momento mas logo se adaptou e ao que me parece está gostando mais que as rações convencionais porque agora estou precisando repor a vasilha com mais frequência que antes estou 100 satisfeito com o produto	0
o alarme positron exelente mas a trava eletrica veio com defeito veio com a fiação podre tive que comprar outra trava pois o kit de travas vendido pela connect parts muito ruim má qualidade tive que retirar e jogar fora	0
o tecido é muito fino e a estampa é de péssima qualidade a blusa preta veio com a estampa feia na foto parece branca mas é gelo a amarela veio com a estampa preta mas mto ruim tmb poderiam melhorar o tecido r a estampa deixam a desejar	0
transparente total essa costura na bunda ficou horrível não cai legal no corpo parece mais calça de boate	Bad
achei o produto bom remete realmente ao coco channel madamoselli a fixação não é tão boa mais mesmo assim vale muito apena	0
linda maravilhosa estava procurando uma colcha com estampa de cachorro da raça pug a muito tempo e finalmente encontrei excelente produto	0
infelizmente minha mercadoria chegou danificada o referido farol chegou quebrado (trincado) e sinceramente me sinto lesado pela empresa	0
amingo o meu feio com defeito fale com os cara da lojas pedira uma foto do som do meu carro made as foto e to com som sei toca dvd mp3 so ta tocando o pedragem eu achou qui vou pro pronco	0
produto interessante entretanto eu achava que aquelas partes metalicas eram de inox mesmo e descobri que não na verdade é apenas pintado daquela cor além disso algumas peças para encaixar para esconder os furos dos parafusos não ficam bem deixando o produto um pouco feio pelo fato de nao ficar bem encaixado no mais é um produto confortável	0
o produto no desempenho é ótimo na reprodução de músicas é excelente e muito fácil de conectar porém no aspecto visual fica muito feio pelo fato de abrir demais as orelhas q ficam com o aspecto de orelha de abano não gostei esse aspecto para mim é muito importante porque iria usar os fones em público na academia fiquei chateado com o produto pelo valor q foi pago e não vou poder usalo por esse fator estético q poderia ser corrigido pelos fabricantes	0
achei o produto muito bom meu cachorro fica mais seguro no banco de trás caso tenha uma freada brusca alem de deixar o carro mais limpo se chove principalmente	0
recebi o relogio sem bateria achei que havia algum defeito tive que ir a uma relojoaria trocar a mesma pois a assistencia tecnica estava fechada no dia um dia depois a pulseira caiu - mau acabamento descolou próximo ao pino com a queda rachou o vidro - ai fui na assistência etrocaram a pulseira o vidro nao é coberto pela mesma e demoraria 15 dias para a troca que teria que pagar final da historia: estou usando o relogio com o vidro rachado irei trocar em outra relojoaria	0
produto atendeu minhas expectativas caralho	Bad
achei o couro feio não é brilhante como o da foto parece muito mais barato	0
olá fiz uma compra de um retrovisor fiesta 96 97 98 99 00 01 02 03 preto com controle de regulagem interna código (19871) e foi a pior compra realizada por mim pela internet até hoje não pela loja pois o preço era muito atrativo e o a compra no geral foi muito boa atendimento entrega etc mas o fabricante é quem realmente deixou a desejar o produto é extremamente ruim as hastes de encaixe são de plástico muito mas muito vagabundo e ainda por cima vem sem rosca do parafuso sendo assim tendo que fazê - la você mesmo ao instalar os retrovisores tendo a enorme possibilidade de rachar as hastes de sustentação pois como eu já disse são muito mas muito vagabundas pois bem logo após a difícil instalação com muito cuidado para não danificar os retrovisores já na instalação após um passeio com o carro já com os retrovisores instalados corretamente fui verificar se estava tudo certo e não estava pois pude verificar que os retrovisores estavam bambos e não mais firmes da forma que eu deixei após a instalação o retrovisor da diretita estava sustentado apenas pelos cabos de controle e as hastes estavam quebradas na base separadas mesmo do resto do retrovisor e o da esquerda já estava com duas hastes já quebradas e apenas uma ainda estava funcional segue fotos do retrovisor da direta pois este não teve jeito de deixar no carro pois fique com medo de perde lo na estrada o da direita ainda esta no lugar porem preso apenas com uma das hastes senhores peço que entrem em contato com o fabricante ou não vendam mais este produto para não lesarem outros consumidores e assim não prejudicar a reputação desta loja que apesar deste problema na compra deste produto horrível não tenho até hoje do que reclamar desta loja o produto realmente é muito ruim e praticamente impossível de ser usado espero que algo possa ser feito pelo meu caso estou me sentido lesado por esta compra fico no aguardo	Bad
perfeito a parte da frente podia ser so mais um pouco maior se não tomar cuidado mostra os peitos	0
levemente quente e sexual pode ser usado de dia perfeitamente comprei para minha esposa ela gostou muito e eu também	0
o modelo é feio e a modelagem é desproporcional além de ter sido entregue com os cordões sujos	0
sinceramente estou decepcionado com a mash realizei meu pedido paguei pela entrega expressa mas infelizmente meu pacote veio com o endereço errado o que resultou em meu pedido retorna ao remetente ou seja para quem precisava dos produtos dentro de um prazo até hoje não recebi meu produto que foi reenviado nem um pedido de desculpas recebi pra compensar o descontentamento com a loja me senti lesado	0
meu cachorro prefere o maior ela enrola para comer o de frango prefere o de carne com frango	0
a minha cachorra é alimentada com barf e por isso o comedouro acaba não funcionando tão bem quanto com ração o legal é que ele adere bem ao chão e é su[er leve e prático de limpar	0
eu gostei do produto porém um parafuso não entra na rosca da moto	0
me deixou muito sex realça meus dotes de macho e homossexual muito confortável e comprarei mais tona o homem classudo e desejado	Bad
cachorra adorou comeu logo mas não durou muito	0
boa qualidade cor como a da foto ombros ficam parcialmente expostos (alça do sutiã aparece) o que não é feio ou ruim mas isso não está claro na foto	0
a capa é bem resistente e oferece ótima proteção mas com menos de uma semana de uso elá já está aranhada atrás bem no centro da parte traseira utilizo por vezes o celular sobre a mesa de trabalho onde faço digitações etc o celular não fica nivelado e balança de um lado para o outro fazendo barulho e dificultando a digitação o arranhado é exatamente no centro de gravidade do celular e por isso ele joga de uma lado para o outro o fabricante teria que verificar como nivelar a capa e como oferecer melhor proteção para os arranhões com certeza terei que substituir a capa num futuro próximo pois esta está ficando feia	0
eu achei esta ração muito boa e minha cadela come super bem aliás ela devora	0
péssima qualidade assim como a loja toda q me pareceu uma loja c&a ou marisa muito feia perdeu o estilo de antigamente atendimento deixou a desejar também que pena	0
o produto é divulgado como cristal mas é um vidro de alto brilho existem emendas no vaso o que deixa a aparência do mesmo feia	0
não recebi o produto estou me sentindo lesado quero respostas urgentes	0
a capa de retrovisor do lado direito nao encaixa certo e fica muito aparente a falha a do lado esquerdo nao cobre totalmente o retrovisor ficando muito feio a grade tem um pessimo acabamento cromado na verdade esse kit deixou muito a desejar pelo preço que paguei merecia um produto de mais qualidade	0
produto de ótima qualidade bem menor que meu antigo capacete da mesma marca é muito mais leve o único detalhe que peça feio e a quantidade de estágios para fechar a viseira somente 2 isso é péssimo em dia de chuva	0
péssimo muito feio o acabamento da peça não fica certo no capô por de tratar de peça para adaptação foi muito mal projetada não vem com pontos de fixação sufientes	0
achar biscoitos que não dão alergia na minha cachorra é dificil mas esse ela adorou e funcionou	0
porque é sex e confortavél	0
eu achei maravilhoso também resultado de salão hidrata muito meu cabelo ele estava feio seco pós química agora ele se transformou em outro cabelo está com vida agora sem contar nos elogios que estou ganhando eu sempre indico ele	0
bonito porém achei muito grande a parte da bunda não fica igual na foto	Bad
em termos de utilidade nada a reclamar mas o material da confecção do mesmo tem um odor muiiiiito desagradável ( ou seja fedido mesmo) estou colocando no sol para ver se sai o cheiro(fedor) senão sair irei devolver o produto dentro dos meus direitos de consumidora inclusive guardei a embalagem	0
sim é de ótima qualidade e aceitação pela minha cadela	0
meu cachorro também gostou muito destes biscoitos	0
veio danificado quebrado o simbolo da chevolet nao eh bem acabado volante muito mole feio mal feito mal acabado	0
bom só o acabamento de plástico do mastro venho amassado e rachado	0
excelente qualidade material de primera protege muito bem e essa é a original mesmo o botão não é perfeito acho que do neo hybrid é melhor mas é muito bom e a capinha é muito foda protege pra caralho e apesar de ser muito cara vale a pena recomendo 100	Bad
eu acho que o meu perfume foi o patinho feio do lote já que a maioria das pessoas está elogiando o produto comprei pq não tinha o ck one no site e me arrependi achei o aroma fraco e a fixação zero não recomendo para quem quer um perfume que dure o dia todo no corpo	0
não gostei pelo fato de ter duas cores isso a deixa muito feia a sugestão que dou é que tirem a côr chumbo e deixem apenas a marrom	0
a cor é péssima eu adoro esse modelo é lindo e confortável mas o fato de não poder escolher a cor é péssimo e de tantas cores lindas me mandaram o rosa com preto a cor mais feia queria o vermelho	0
sem palavras quanto a qualidade uma merda decepcionado nem vou instalar pra nao denegrir a imagem da mnha picp-up	Bad
ótima ração minha cachorra adorou	0
produto muito bom meu cachorro adora	0
o ferro ao lado dobra e fica feio	0
não comi mas dá vontade cheirinho de bolacha de chocolate minha cachorra ama só come desse	0
maravilhoso perfeito super indico para quem gosta de perfume marcante sexual sem ser forte	0
mto fragil e feio não aparenta ser feito de madrepérola	0
foda o produto encaixou perfeitamente	0
eu achei o produto uma bosta não possui controle presença não serve na verdade pra nada tira essa bosta do mercado queremos segurança	Bad
acabamento pobre a fita jugular não tem nem acabamento na ponta apenas queimam para não desfiar espuma	0
na 4ª vez que utilizei a coleira no meu cachorro a mesma estragou estou muito insatisfeita com esse produto	0
o produto veio recuperado e não novo e isto não foi avisado e ainda não teve o encaixe correto no local fui completamente lesado estou pensando em recorrer ao procon	0
razoavel meu cachorro não gosta muito e as vezes passa mal com esse tipo de guloseima	0
eu adorei prática e fácil de instalar cumpre o que promete o material da capa poderia ser bem melhor é meio vagabundo	0
já é o terceiro pacote que meu cachorro come ele adora	0
o produto é ótimo já conhecia a fragancia a entrega e acompanhamento foi bem guiado só lamentei a embalagem (vidro) feio com uma trinca enviei foto para o atendimento e não obtive retorno no mais indico obrigada	0
produto irado pica das galáxias	Bad
linda mais fica transparente na bunda	Bad
a decepção né pedi a laranja e na foto ela parece ser bem neon me enviaram uma de cor laranja queimado feia eu não esperava isso	0
o que esperava reserva é foda	Bad
Essa atendente é uma besta	Bad
eu achei o produto feio por isso devolvir	0
prezados no video é uma leggins jeans ao vivo e a cores passa longe disso um acetinado ótimo para as piriguetes com todo respeito amo leggins pelo conforto mas sou uma senhora kkkk abçs	Bad
feio mas faz exatamente o que se propõe a fazer com perfeição	0
pessimo comprei uma capa e veio outra isso não existe vou comprar um kg de limão e vira um kg de laranja pqp site horrível e ainda os atendentes me informam que se for solicitado troca eh capaz de não vir a que eu quero rididculos não recomendo pra ninguém	Bad
o produto é ótimo mas a entrega deixou demais a desejar a expressa levou o mesmo tempo da normal nunca mais recorro à entrega expressa da shoulder me senti lesado e não tive retorno da empresa apesar de reclamar pelo serviço de atendimento eletrônico	0
as lanternas vieram em cores diferentes nem mandei de volta pois nao quero dor de cabeça pois mimha compra demorou muito a chegar e ainda veio errado estou se sentindo lesado	0
um dos frisos veio com a pintura fraca o instalador instalou e não olhou ficou feio	0
bom produto apenas estava com uma tampa rachada de plástico que não influencia na performace que foi consertado com cola	0
a coleira é muito boa seu cachorro fica cheiroso o tempo todo além de não ter carrapatos eu recomendo	0
o produto é ótimo chegou dentro da data prevista de entrega rola bem de um lado para o outro e confortável	0
fica feio não gostei	0
muito bom só não dou nota 5 porque tema bunda pequena mais em relação ao tamanho está ótimo	0
este produto tbm feio certo e é muito bom tbm indico ele	0
achei um pouco feia no corpo	0
achei bom porem não sei se é por causa da minha bunda que é um pouquinho grande mais achei um pouco transparente	0
bom os eslasticos da camiseta soltam muita tinta e manchou a camiseta inteira e depois a etiqueta q ela tem embaixo fica desfiando e fica muito feio	0
não gostei muito da malha parece tecido vagabundo polos da mesma marca que comprei no ano passado tinham o tecido diferente de qualidade melhos	Bad
muito ruim mal acabado machuca o pé e feio	0
é o brinquedo que minha cachorra mais gosta	0
eu achei o produto muito feia larga nos ombros e justa na cintura só não devolvi por falta de tempo: não usei não sei o que vou fazer	0
é mais feio que no site e o material bem sintético	0
serviço péssimo comprei esse produto e não recebi essa empresa não tem nenhum comprometimento entrei em contato com a gollog onde só tem desonesto e eles me disseram que minha carga tinha sido extraviada que era pra ligar pra connectparts pra eles enviarem um outro produto certamente pra eles roubarem de novo eu não compro nunca mas nessa loja e vou fazer de tudo pra manxar a imagens dele vou procurar celso russumano da patrulha do consumidor e vou acabar com essa imagem dele ainda tem a cara de pau de enviar um e mail perguntando sobre a qualidade do produto me polpe viu	Bad
tecido muito bom porém erraram feio na medida eu uso m e pedi m pra não ter perigo de ficar apertado e recebi um quase pp em casa a etiqueta estava correta tamanho m mas o produto não super apertado normalmente m fica sobrando para mim	0
muito bom mas o manual de instalação e a chave de fenda poderiam ser melhores machuca muito a mão instalar couro muito quente principalmente nesses últimos dias	0
a roupa é linda a estampa e as cores são ótimas e tecido de boa qualidade no entanto o fechamento dela é por botões de pressão (na parte de baixo) e minha cachorra no primeiro dia de uso mordeu os botões e já retirou da roupa inclusive fiquei preocupada se ela não engoliu algum deles mandei numa costureira para fazer o fechamento por linha mesmo este é o único porém da peça	0
eu não gostei da bermuda o material não é bom não vale o preço que foi pago nem aqui nem na china inclusive pegou levemente na porta e foi o bastante para abrir um furo estou decepcionado com o site não pretendo comprar mais nada com vocês uma bermuda de quase 300 reais e nessas qualidades com esse material vagabundo nunca mais nem recomendo a ninguém o site	Bad
então eu ganhei desconto na coroa porque a coroa que pedi foi a da foto porém as que vcs entregaram não tem nada a ver foi totalmente diferente faltou flores rosas e etc deixou muito a desejar eu escolhi a mais bonita e foi entregue a mais feia	0
bonito e divertido fácil de limpar vem com anti-derrapante em baixo o que evita que o comedouro deslize enquanto o cachorro come porém a cor interna do produto veio em azul ao invés do beje	0
muito bom realmente deixa o cachorro livre das pulgas e carrapatos	0
bom dia eu comprei como branco e veio um branco meio bege claro o produto e ótimo a cor e feia	0
meu produto veio com a tampa rachada	0
blusa horrorosa tecido feio a cor horrorosa e quando chegou não achei que era a mesma da foto	0
Atendente pau no cu	Bad
tenho os lábios grossos e carnudos sou morena de pele clara o batom simplesmente me deixou bizarra não pensei que fosse tão horrorosa essa cor a cor fica um rosa branquicento na minha pele e acentua as linhas de expressão simplesmente não é usável tentei com outro batom por baixo e não consegui muito feio mesmo infelizmente a cor em mim fica feia a cor é horrorosa não é um rosa bonito não vale o quanto custa	0
o aparelho é muito bom não tenho o reclamar completamente diferente do jfa que é uma merda	Bad
eu achei q a costura do fundo esta muito para cima quase no meio da bunda o que gera um desconforto muito grande comprei duas e as duas são da mesma forma não curti isso mas o tecido e cores ok top	0
parafuso não serve na top 08 rosca diferente mas de boa qualidade usarei para outros fins	0
mesmo sendo branco nao ha transparencia e o bogo nao deixa o maio feio mesmo sendo tomara que caia	0
fiz dois contatos o 1º foi mto mal o atendente anotou meus dados e disse que retornaria em seguida não me recordo o nome (valmir se não me engano mas não tenho certeza sei que era do sexo masculino) passou 1h e não houve retorno este atendimento avalio como nota 1 péssimo então retornei a ligação e fui atendida pela cinthia cujo atendimento avalio com nota 3 bom pois solicitei uma data de vencimento (05/05/2014) e o boleto veio com outra data retornei o contato e foi alterado sem problemas	0
essa bolsa que eu recebi como brinde é um verdadeiro desastre veio toda descascando sem o puxador no fecho e com um cheiro horrível eu me pergunto como é que a época cosméticos tem a cara de pau de anunciar um brinde e enviar uma coisa velha e imprestável no lugar e ainda dizem que não é possível trocar pois o brinde não gera nota fiscal decepção total com essa loja	0
meu cachorro ficou bem menos agitado depois de todo dia eu dar uns biscoitos dentro da bolinha macaquinho	0
eu achei esse produto muito eficaz para o tratamento do meu cachorro	0
ruim veio toda podre	0
ótimo produto para o meu cachorro	0
eu gostei muito mas não segura cachorro bravo grande ele pode derrubar a cerca	0
comprei tapete para ranger 97 cabine simples e não serve pedi á troca e não consegui pois alegam que não tem me oferecerão outro tipo aceitei e até agora nada acho que estou sendo lesado por vocês	0
muito bom essa avaliação com 5 palavras é uma bosta	Bad
poderia ter um encaixe mais prático do que o de rosca pois na hora de colocar e tirar do birro fica um pouco mais complicado mas fora isso é show de bola bom produto '	0
não gostei do produto pois veio errado e eu fiquei um mês tentando fazer a troca e toda vez que eu mandava um email ele voltava como se eu estivesse bloqueada ou seja fiquei um mês e meio sem caro até eu conseguir comprar em outro lugar e pintar vão se fuder e eu nunca mais vou comprar nada de vocês	Bad
essa veio com um furinho bem na bunda tive que dar uns pontinhos para usar	0
a cor é linda mas o batom é muito seco craquela e fica feio na boca por este motivo	0
feio modelo pequeno não gostei	0
maravilhoso só a embalagem que faz uma meleca se não tomar cuidado	0
material de ótima qualidade super bem feito a primeira roupinha que minha cachorra aceita sem tentar tirar adorei	0
não gostei errei feio vou passar pra alguenm	0
interna vagabunda o óculos escuros que fica por baixo da viseira vibra e bate contra a viseira depois de 45km/h só da pra usar com ele abaixado o q a noite é impossível tento falar com marquinhomotos com br para solicitar troca ou garatia e não consigo a vibração é tão grande que vc sai da moto com o ouvido zunindo não comprem	Bad
o uso contínuo do produto produz bons efeitos estamos tomando eu e minha mulher sentimos diferença principalmente no vigor sexual e minha mulher reverteu uma queda de cabelos que estava enfrentando	0
não gostei na foto dá a impressão que as listras são todas azuis mas a blusa tem listras azuis e listras pretas achei muito feia não usarei queria ter devolvido	0
estou usando há só 1 semana mas percebi uma melhora nas fezes (cheiro e consistência) meu cachorro parece bem mais adaptado a ela do que a ração que consumia antes só achei os grãos pequenos para cães de porte grande talvez fosse interessante ter tamanhos diferentes de acordo com o porte	0
vermífugo que uso desde que minha cadela é filhote nunca tive problemas e ela hoje está com 7 anos	0
acabamento da peça é muito grosseiro feio tamanho não bate com o para-lama sendo que pra instalar tem que forçar muito porque não bate no tamanho fazendo com que trincasse em alguns pontos não recomendo	0
meu cachorro adorou e eu gostei pois é vegano e mais saudável não tem cheiro ruim e não fica nojento depois que o cachorro mastiga gostaria apenas que durasse um pouco mais meu cachorro come um inteiro em 1 hora	0
achei um bom tamanho desemaraça sem machucar e é macia meu cachorro ainda é inquieto para escovar por ser filhote mas está sr adaptando bem com essa foi uma otima compra tanto pelo produto quanto pelo atendimento e entrega recomendo	0
meu cachorro se dá super bem com esse sabonete recomendo	0
gosto muito do produto meu cachorro adora e de sente muito bem	0
me desculpe mas meu frigobar veio com uma bolinha funda bem no meio n sei explicar achei ele mt feio pq é fosco não me lembro de ter visto isso na compra gostaria de trocar	0
minha cachorra é alérgica e esta é a única ração que ela tolera bem e ainda gosta do gosto	0
perfeito mto bom e se ajusta bem para quem tem peitos grandes	0
o produto é muito confortável porém é muito feio a parte da frente parece sapato de palhaço	0
excelente produto tem um cheirinho suave que dura bastante e não dá alergia no cachorro	0
mto bom o meu cachorro gostou mto	0
o tecido não é de tão boa qualidade quanto esperava mas não é feia	0
muito bom minha esposa teve um orgasmo sensacional	0
veio faltando um pedaço da borracha vedadora e o acabamento das bordas é feio	0
bom ter 2 sabores quando deu cachorro e exigente	0
é bonito mas não dá pra usar sutiã então se vc tem pouco peito fica muito feio	0
eu achei muito bom o moletom porém como meu cachorro é um bullterrier o velcro não aguentou muito mas no geral gostei sim do produto	0
o pijaminha ficou largo em pouco tempo laceou com apenas uma lavada sai do corpinho e meu cachorro acaba tropeçando na roupa	0
eu achei ppéssimo bem abaixo da minha expectativa porque não usei nem dois meses e já queimou a lâmpada me sinto lesado no mínimo deveria ganhar outra lâmpada eu recomendava sempre este site para meus amigos a partir de agora não recomendo mais	0
o cachorro gostou do produto	0
esse produto veio com as tachinhas quebradas eu tive que comprar cola para colar a cola vazou e ficou feio sem contar que é horrível para tira-la do aparelho	0
sem graça modelo ultrapassado e cor feia	0
comprei em um tamanho que minha cachorra que é de porte médio coube certinho e vai poder usar por muito mais tempo plástico resistente	0
não gostei muito do acabamento do grafite achei o tecido feio	0
feio ao vivo	0
o produto chegou faltando peça de acabamento alavanca de movimento das mãos não encaixa e ao ligar a assistencia tecnica não atende a polishoping em outras palavras me sinto lesado com a compra e sem respaldo para solução do problema	0
comprei o produto a vocês recebi um produto quebrado completamente avariado tento entrar em contato com os senhores e ninguém me atende já estou iniciando uma ação judicial contra a sua empresa por danos morais comprei um produto que deveria ter chegado em perfeito estado e recebi um produto completamente danificado fui lesado por sua empresa e vou buscar uma solução para esse problema na justiço	0
eu achei muito feio a cor é gritante nada a ver com a cor mostrada no anúncio uma pena	0
nao gostei do produto as calcas ficaram horriveis no meu corpo tenho 1 74 de altura e peso 91k antes de comprar liguei e tirei todas ad duvidas mas mesmo assim a calca fica muito feia no corpo	0
material é bom mais fica muito feio no corpo parece um saco caimento horrível e a forma de fechar que eu odiei que está em quase todas as bermudas vendidas aqui	0
o botão não e qui nei o original não e um pouco estreito muito feio	0
bom shampoo o pelo fica brilhante o cachorro nao fica muito cheiroso	0
ótimo produto meu cachorro adorou as orelhas	0
fraca feia	0
o material fede pra caramba quando abri o plástico não tinha quem aguentasse ficar em casa os dedos e a mão perdem completamente a mobilidade e a sensibilidade dinheiro jogado fora coloquei hoje de molho pela terceira vez fedor insuportável	0
o produto é muito fácil de usar e mto útil para um lugar onde temuito pó e pêlos de cachorro vale a pena	0
pano nojento pano de chao e voces sao um bando de irresponsaveis eu nao ecomendo compra nessa loja corrupit quase nao me devolveram meu dinheiro	Bad
bom dia eu achei legal mais quando eu fiz a compra da cama no site pediram pra eu escolher um brinde um negocio que segura a porta até hoje nada isso não foi entregue coisa feia ja não vão entrega pra que pedir pra escolher feio de mais isso queima a imagem da loja	0
péssimo é extremamente pesada o meu beagle não consegue ficar com ela levantada na boca além disso o material dá arrepios no cachorro já lavei passei molho de carne nada faz com que ele se interesse pela bola péssima compra	0
o produto é ótimo o único que fez minha cachorra ficar sem manchas nos olhos por causa da acidez das lagrimas sobre a entrega chegou antes do prazo excelente	0
a base é bem firme mas com um acabamento feio por cima queria colocar tampo de vidro e não vai dar terei que fazer o tampo em madeira	0
dei de presente pra minha filha ela adora usar apesar de ter ficado um pouco justa na bunda	0
quando o produto chegou era bonito e bem acabado porém após contato com água desbotou e perdeu o cromado tive que gastar para instalar e para tirar pois ficou muito feio	0
produto de otima qualidade mas ficou grande no meu cachorro mesmo eu tendo medido direitinho	0
para o meu cachorro o produto não fez diferença	0
qualidade péssima minha filha de 4 anos que vai fazer a festa de aniversário com tema do sítio não quer usar a fantasia tivemos que comprar outro vestido que ela escolheu pois a fantasia ficou muito feia mesmo	0
a cor é feia pálida parece uma pasta grossa nos lábios achei até que estivesse vencido também por causa do cheiro que é péssimo primeira vez que me decepciono com o boticário	0
adorei pois nosso cachorro fica seguro	0
para uso na tiger 800xc houve necessidade de lixar diminuindo a espessura ou ela não caberia acredito que vá durar mais que a original nissin que é fina demais feia bem tanto quanto a original aprovada	0
amei perfeito os cenários de chão o cenário maravilhoso a unica coisa que recomedo a vocês que quando for enviar os paines colocar de uma outra forma eles chegam todos amassados e nao voltam ficam feio e sao lindos	0
no geral é boa bem confortável para regiões frias e o protetor no dorso da mão parece bem resistente como parece é grossa não consigo pegar um molho de chaves no bolso da jaqueta sem tirar a luva fico devendo o teste com chuva mas não choveu nos últimos dias é fabricada no paquistão o que me deixa desconfiado quanto a qualidade a mesma tem uma etiqueta branca chata nela que é bem feia na parte de baixo e para mim o polegar é muito maior do que deveria ser eu não consigo usar sem ficar estranho no polegar aquele monte de luva sobrando andei 55km contínuos no máximo com ela e nesse trajeto é bem agradável não deve incomodar em longas distâncias	0
muito bom é bem firme e não é feio	0
deve ser bom foi difícil controlar a gulodice da cachorra :	0
muito bom sem conservantes sem cheiro e esfarela quando o cachorro mastiga fácil de digerir e eficaz para limpar os dentinhos aprovado e daqui pra frente não faltará no cardápio do bob pois ele adorou e apesar de ser alérgico a alguns petisco este ossinho não deu nenhuma reação alérgica ou de má digestão	0
vem com marcas da toalha dobrada em 4 fica mt feio	0
cachorra mordeu e destruiu o peitoral	0
faz meleca na pele grudento	0
a pedaleira em si é excelente mas o encaixe não é tão universal assim tive que fazer uma gambiarra enorme para instalar no meu carro e elas não ficaram posicionadas 'certinho' em cima do pedal uma ficou um pouco mais acima outra um pouco mais abaixo melhorou a 'pegada' nos pedais para dirigir mas ficou feio	0
na foto tem-se a impressão que existem diferenças no tons de marrom da bota porém na realidade a cor dela é uniforme o que não a deixa feia mas menos bonita e não condizente com a imagem também o cabedal é bastante longo e no caso do produto que recebi existem diferenças no tamanho da faixa elástica na parte externa de um calçado em relação ao outro assim como a costura um pouco torta apesar de ter visto estes defeitos gostei do modelo e não quis realizar a troca porém considero a exigência em receber um produto de alta qualidade completamente legítima pois o calçado tem um custo que as justificariam	0
o único produto que resolveu meu problema tenho umas bolinhas nos braços que me incomodam muito já fui em várias dermatologistas e todas disseram que isso não é doença mas esteticamente é feio usei vários produtos manipulados ou não com a promessa de apenas amenizar o problema mas o único que deu resultado foi a loção beatriz quanto a entrega foi super rápida a época está de parabéns	0
pessimo produto camisa feia e demora na entrega dificilmente comprarei mais produtos neste site	0
a tonalidade azul do vaso não tem nada a ver com o azul da foto da internet é feio	0
excelente qualidade não entra agua nem a pau so achei muito larga a calça o resto show	0
a tonalidade da lampada h11 não ficou igual as outras muito insatisfeito mandei emails relatando o problema que tive e nem resposta obtive me senti um consumidor lesado pois paguei à vista o boleto aguardei o produto chegar e depois de instalar tive a grande surpresa indesejada acabei comprando o produto direto da loja de som com garantia e toda assistência	0
estampa muito feia de pessima qualidade	0
produto com parafusos de fixação com rosca menor que a original brasileiro não sabe nem copiar	0
devolvi o produto adquirido porque me senti lesado enganado na descrição do mesmo no site fala em luvas de couro bovino o que subentende-se couro natural só que na verdade são feitas de material sintético e na primeira vez que usei saiu aquela pele de plástico que reveste o material danificando-a propaganda enganosa agora estou aguardando a devolução do valor pago que levará no mínimo 30 dias sem contar os quase 30 que estou nessa peleja mas o fabricante e o vendedor merecem uma ação no procom sem dúvida merecem	0
meu cachorro não deu certo com o osso vomitou inteiro acho que ele é muito ansioso e comeu em 10 min tudo	0
não gostei estampa feia devolvi	0
gostei muito fácil de instalar e prático meu cachorro saiu para o passeio bem confortável e seguro	0
gostei muito do desenho e do tecido da calça porém a qualidade não é boa usei a calça pela primeira vez na academia e passei vergonha rasgou na bunda a sorte que estava com uma toalha e consegui disfarçar para ir embora não é pq o tamanho estava pequeno não pois uso 38 e comprei o p queria fazer a troca pelo mesmo produto porém tenho direito a troca o qual o site me devolve o valor pago paguei na promoção por 3 calças do mesmo padrão e não conseguirei troca -lá pela mesma calça pois agora no site esta mais caro uma peça e terei que pagar a diferença do valor e mais o frete o que para mim não foi vantagem nenhuma comprar se quiser este produto terei que mandar para costureira e mandar reforçar toda a costura mal feita por um produto que nem é barato este produto sinceramente foi decepcionante	Bad
não gostei pq acho q a costura está feita incorretamente na parte de trás qdo eu vesti tive a impressão de q minha bunda era caída rs isso pq a emenda é muito embaixo na minha opinião deveria ser mais pra cima (onde começa a bunda perto da cintura) assim daria a impressão de q sua bunda é maior :)	0
muito bom livro excelente para explicar o vício da sexualidade e suas consequencias	0
pessimo podre não funcionou assim como essa porcaria desse sim multilaser que não pega vídeo nem tv só fiz jogar dinheiro fora comprei essa atena porque veio faltando no som e não presta igual ao som entrei em contato com a conect mandaram um relatório p preencher e enviar junto com fotos do produto cansei de enviar só da erro só prejuizo	Bad
uma bosta ja queimou uma lampada em menos de um mes de uso	Bad
Tudo nessa loja é escroto	Bad
ao vivo é bem feia mas não que a qualidade fosse ruim é só gosto mesmo as tiras não pareciam ser tão espalhadas achei que fosse mais discreta	0
a aparência da cadeira é muito feia com péssimo acabamento com costurar tortas e o encosto após a montagem ficou torto pois os furos não estavam no alinhamento correto o barato saiu caro só adquirindo um produto nacional daqui para a frente	0
nossa amei tudo a mantinha é linda e meu cachorro adorou tb não poderia de parabeniza-los pelo projeto soninho zen excelente iniciativa e ajuda à instituições que acolhem animais carentes	0
a porca que me mandaram produto de pessima qualidade rosca toda fora do centro precisei comprar outra (comprei o mecanismo com a porca ai quando cegou veio faltando a porca então reclamei me enviaram a porca quando chegou veio uma porca muito ruim rosca fora do centro não deu para montar precisei comprar uma porca em outra cidade	0
eu não recebi a mercadoria estou me sentindo lesado quero respostas urgentes	0
ela não é feia mas além de curta e olha que só tenho 1 71 ela ficou transparente infelizmente não poderei usar da forma que gostaria é uma pena	0
material ruim feia e de pessimo acabamento	0
não existe homem feio existe homem que não conhece a linha malbec	0
o que me deixou chateada com esse produto é que o forro é maior que o tecido do vestido sendo assim fica muito estranho deixando o vestido feio	0
foi mto bom meu cachorro estava com problema de mastigar ração faro não mais deixou de comer super macia para degustar	0
caminha linda mas o tamanho que escolhi acabou ficando pequena para o meu cachorro	0
3 semanas de uso e já deu pau não liga quando ligava o controle nunca funcionou o gane tn nunca funcionou péssima compra não recomendo	0
mesmo usando o guia das medidas ficou um pouco largo para meu cachorro o que as vezes incomoda um pouco para andar	0
achei que foi uma desgraça que minha mercadoria nem se quer chegou a minha pessoa e ainda tenho que avaliar se foi boa tinha que ter a nota zero foi uma desgraça uma demora tremenda e uma falta grande de responsabilidade que nem me reenviam o produto só ficam num jogo de ping pong passando de um atendente para o outro sinceramente me arrependi profundamente comprar produto nesta empresa deprimente me sinto lesado totalmente desprezado uma total desgraça o atendimento desta empresa	Bad
para deixar meu cachorro caminhar um pouco mais longe e facilitar o treinamento	0
produto excelente minha cachorra sempre passa mal nas viagens e dessa vez meu carro ficou limpinho e sem pelo e a capa também é super fácil de limpar recomendo para todos	0
bom mas feio com um defeitinho no escudo	0
não gostei bom produto mais feio	0
achei o tamanho do tapete ótimo e super absorvente porém um pouco frágil visto que meu cachorro gosta de ciscar depois de urimar e isso faz rasgar o tecido de cima o preço na female pet está bem atrativo	0
deu pau no led e o carro deu morte certa e ate agora nao consegui o 0800 da fabrica	0
é um bom relógio bonito e chamativo mas pra ser sincero eu esperava mais não estou dizendo que ele é feio não ao contrário ele é pancada mas parecia mais bonito pela internet talvez seja a pulseira que eu pensei que seria mais grossa é um bom produto mas esperava mais por isso minha nota é 3 (ok) em tempo o manual que veio pra mim não estava em português(tive que baixar um pelo site)	0
muito feia e pesada	0
produto a principio bom só o cubo que na hora de instalar ficou muito feio por sorte conseguir trocar com volta em dinheiro da minha parte	0
o peitoral é excelente funcionou muito bem com meu cachorro e melhorou bastante o passeio o material é muito resistente recomendo	0
fica feio depois que o palito absorve a cor azul	0
mostrador muito poluído caixa enrugada é muito feia preferia pulseira de outra cor que não a preta	0
o logo da fiat é absurdamente feio mal feito e totalmente diferente do mostrado na imagem é apenas um adesivo bagaceiro sinceramente que falta de respeito	0
uma merda ate agora não chegou meu produto ainda	Bad
produto não veio comoposso aavaliar essa porra	Bad
ração saudável e minha cachorra gostou :)	0
lindinho c fenda veste muito bem	0
excelente produto muito bonita e funcional recomendo a compra ótimo pra fugir do modelo padrão branco feioso que vemos por ai hehe	0
não veio nada a ver com oque eu tinha pedido veio uma porcaria de camiseta qualquer que inclusive era feia pra caramba e acabei jogando fora demorou tanto tempo pra entregar e ainda assim veio errado	Bad
ótimo minha cachorra adorou	0
cachorra adorou mas não durou muito mas valeu	0
mediano deu o encaixe mas é uma merda para regular o farol meu caro fico esteticamente melhor mas qualidade de farol fico ruim	Bad
show top do caralho linda	Bad
sinceramente não gostei do produto não é uma peça que assente com elegância ao colocar na cabeça fica todo com dobras feio mesmo	0
vcs são cara de pau depois das reclamações que fiz ainda me mandam u e-mail desses	Bad
impossível avaliar um produto no qual você compra cansa de enviar emails pedindo uma explicação de o porque não entregaram e ninguém dá nenhuma satisfação estou totalmente indignado e me sentindo lesado pelo megamamute	0
muito fragil durou 2 min com meu cachorro brincando de raca pequena	0
esse produto com certeza merecia uma nota maior pois é muito bonito porém quando comprei a primeira almofada não ficou claro que seria somente um produto pois não estava descrito almofada dupla face e sim almofada casal minnie & mickey soft40x50cm neste caso pensei que viriam as duas almofadas como estava na foto percebo que agora alteraram o nome no mínimo algum cliente deve ter se sentido lesado como eu como me apaixonei pelas almofadas acabei comprando ainda que contrariada mais uma para compor o casal apaixonado	0
muito ruim não foi capaz de substituir o anterior de 7 500 btus/h é mais feio e também parece mais frágil que o anterior inclusive estou vendendo para comprar outro já que a empresa informa que o mau desempenho do aparelho se deve ao seu posicionamento no mesmo lugar onde o aparelho anterior - e em teoria de menor potência - funcionava com eficiência incomparável há nove anos substituí exclusivamente pelo tempo de uso - o antigo estava em ótimas condições - e estou enormemente arrependida pela escolha do substituto	0
veio com problema dando pau em tudo não recomendo	0
a cor disponível é muito feia e ele não tem sustentação nenhuma acho que não deveria ter numerações tão grandes	0
qualidade muito ruim acabamento bem feio não encaixa 100 deixa bastante a desejar mas ainda assim chega ser bonitinha melhor do que a original mas o fabricante precisa caprichar mais	0
bom produto atendeu bem e ate agora (20 dias) não tive problema instalei com xênon só achei muito feio o botão que poderia ser algo de melhor qualidade e mais bonito	0
o produto que me foi enviado e muito diferente da foto o acabamento além de feio é muito fragil pra completar não me foi enviado o emblema da fiat e nem os parafusos de fixação não recomento	0
achei o produto é bom apesar de que os parafusos internos poderem falhar rosca com facilidade	0
uma merda esse produto uma merda	Bad
não gostei muito a embalagem era feia	0
achei meio trambolho nas fotos parecia mais compacto também não gostei do acabamento superior aquela grade feia	0
foi uma merda chegou quebrado	Bad
a bota não é feia mas a qualidade fica a desejar sem contar que o cano é muito estreito e não fechou na minha perna e nem da minha filha foi a primeira compra que fiz na shoestock que não deu certo	0
um produto que hidrata e não deixa a pele oleosa ou gosmenta a pele fica como seda excelente	0
gostei do perfume só não concordei com ele ser night achei ele um floral delicado que pode ser usado de dia tranquilamente e é praticamente igual ao it spicy da playboy	0
muito bom traz a sensação de estar penetrando uma vgn real suculenta e apertadinha levando ao orgasmo totalmente louco recomendo	0
sim estou dando para uma cadela que tem alergia de carne de frango e bovins estou comecando a dar para os outris caes tambem	0
hidrata bem e não faz meleca	0
utilizo o ginseng 300 mg duas cápsulas por dia um pela manhã e outra no período vespertino com o intuito de melhorar a minha memória pois sei que o ginseng melhora a circulação sanguínea alem do que é um bom estimulante sexual para essas duas finalidades acho que tenho obtido muito bons resultados estou satisfeito com o produto e não notei nenhum efeito colateral negativo	0
o relógio é lindo mas no primeiro dia já começou q descascar a pulseira ficou muito feia e cada vez sai mais um pedacinho da pulseira fiquei muito decepcionada com a qualidade da pulseira	0
horrível não gostei a peça é muito feia	0
Essa atendente era uma cadela	Bad
eu comprei um bori de desenho de nuvem e não gostei o silque não tem boa qualidade já está soltando rapidamente a roupa ficara feia comprei achando que era estampa e não silque	0
apenas que a saída de fios de alimentação dele devia ser para baixo também do mesmo lado que todas as saídas pois o crossover colocado abaixo do volante do carro fica feio e estranho as saídas dos fios de alimentação	0
gostei muito porque atendeu as minhas expectativas em relação ao alarme vibrador já que tenho dificuldade de audição	0
ele não é tão inovador e é a cópia um pouco melhorada do obssessionnight da ck impera o cheiro de coco	Bad
achei a blusa bonita no entanto o tamanho médio que é o meu mostrou um decote grande demais e impossível de ser usado pela fenda central tive de dar a blusa para a minha filha que é mais alta	0
o produto é bom não resolveu por completo o problema da minha cachorra comer devagar mas ajudou bastante se você tem um cachorro destruidor não pode deixar com ele como é plástico ele vai destruir eu dou a ração e em seguida já tiro o comedouro é um bom produto eu recomendo	0
eu achei do produto pessimo muito mal acabado muito feio deixa o carro horrorozo uma loja excelente como essa deveria primar pela qualidade dos produtos	0
Atendente piranha me vendeu errado!	Bad
so não dei 5 pois a bumper é muito feia na parte de baixo de resto excelente	0
meu cachorro tem displasia vai tomar esse remedio o resto da vida quando ele toma fica visivelmente mais aliviado	0
estou muito satisfeita com a ração estava fornecendo a royal canin mas devido a elevação dos custos optei pela golden que também é ótima e foi recomendada pelo meu veterinário meu cachorro tem se adaptado bem não teve problemas durante a transição/troca de ração a wallpet me entregou certinho e fiquei muito feliz	0
eu achei muito bom e antes tive receio e nojo mas depois quebrei o paradigma e estou satisfeita demais	0
realmente funciona mas é preciso prestar muita atenção pra colocar e ajustar de maneira correta resolveu meu problema e minha cachorra não me arrasta mais ó importante é que não enforca nem machuca o cão recomendo	0
o estrado é do mais vagabundo quebrou em 02 lugares no primeiro dia e isso porque eu avisei as crianças pra não pularem nem ficarem em pé sobre ele ficamos com medo de nos mexer sobre ele a estrutura da cama em geral é boa mas não adianta com estrado ruim	Bad
o modelo é bonito e confortavel mas a parte da perna na frente ficou feia muito rápido cheio de bolinhas de tecido como se estivesse meio esgarçado	0
serviu bem ao propósito fica em cima do sofá assim minha cachorra não faz sujeira e de quebra ela ainda dorme fazendo uma carinha fofa com a cabeça em cima da almofadinha	0
tecido muito feio decpção	0
O atendente é muito burro e não passar as informações corretas	Bad
quando chegou não achei que tem tanta a cara de um cachorro pelo computador parecia mais	0
a fantasia tem boa qualidade mas é um pouco feia	0
veio com um rachado na grade e bem machucado e riscado para realizar a pintura	0
o produto está arranhado e em mal estado de conservação parece velho muito feio	0
uma merda comprei e ate hoje não chegou e não me deram nenhuma posição site não confiável	Bad
lindo sex perfeito ao corpo muito bem feito acabamento impecável	0
esse mais que todos superou as expectativas pois comprei um só achando que era feio por conta da foto que parece camurça marrom mas quando chegou achei muito bom capa dura preta 100 folhas bonito barato e funcional vou comprar mais indico o produto para quem estuda vc não escuta o barulho do na casa do vizinho transito cachorro latindo e melhora muito a concentração não chega a zerar por completo vc ainda escuta alguma coisa em volume muito reduzido digo isso pq coloquei o protetor e liguei do meu celular para o meu telefone fixo eu cheguei a escutar o telefone tocar mas num volume absurdamente baixo como se estivesse bem distante de mim(estava na minha frente)	0
a capa do fio estava rachada mas não apresentou nenhum outro problema está funcionando normalmente	0
sempre compro o único anti-parasitas realmente efetivo para minha cadela labrador	0
para o meu cachorro porte médio preciso usar 3 tapetes para não ocorrer acidentes já a parte absorvente é muito boa não deixando a pata do meu cão molhada	0
ótimo possuo uma cachorra que tem alergia a picada de carrapatos após o bravecto ela está ótima	0
muito bom e qualidade excelente mas achei que fica muito armado por causa do modo que a prega foi feita	0
corte feio enruga no corpo	0
ótimo uma grande visão da sexualidade de nossos irmãos	0
malha muito confortável mas ficou um pouco transparente no bumbum uso 38 achei melhor devolver mas fiquei com pesar pq é muito gostosa no corpo só que não dá p usar c transparência na bunda rsrsrs	0
eu ainda nao recebi o produto estou nuito puta ja liguei 3x e ficam primetendo entregar e nada tem gente em casa o dia todo isso é um adsurdo	0
protege bem o cachorro e o banco do carro o cachorro parece que está dentro de uma caixa	0
produto conforme anunciado feito em material resistente e meu cachorro adorou	0
o kit é ótimo o perfume é um floral adocicado bem agradável e com excelente fixação já a bolsa lanvin que eu recebi como brinde foi um verdadeiro desastre veio toda descascando sem o puxador no fecho e com um cheiro horrível ou seja a época cosméticos teve a cara de pau de anunciar um brinde e enviar uma coisa velha e imprestável no lugar e ainda dizem que não é possível trocar pois o brinde não gera nota fiscal decepção total com essa loja	0
Essa mina é feia demais	Bad
nenhum problema com o cabo em si mas o acabamento da capa plástica que reveste a solda é de péssima qualidade embora haja uma rosca a peça se solta com facilidade ao exercermos uma mínima pressão quando vamos conectar o cabo à entrada rca do dispositivo	0
porcaria a duas maquinas estragaram com menos de um mês de uso grande merda	Bad
blusa transparente modelagem pequena e estampa feia -	0
pessimo veio 1 podre achei um absurdo	0
modelo achei feio o cano da bota na foto nao parece q ele e grosso alcochoado	0
maravilhoso desde de quando tenho meu lhasa q eu uso e indico cheiro de cachorro nunca mais	0
o botao nao funciona o reator e a lampada de um lado queimou com 2 dias de uso nao veio os parafusos do milha e o chicote feio faltando fio as maçanetas vieram ok espero sair mais satisfeito na proxima compra	0
horrível o encaixa no para-choque é feio o chicote que foi enviado é de outro carro e o botão não funciona	0
este produto o meu cachorro usa um tablete por mês assim será para sempre porque teve suspeita de dirofilariose acho que o produto protege efetivamente o coração e impede a forma jovem do verme	0
Uma sapatão me atendeu não recomendo essa loja	Bad
porque tem a medida que a minha cachorra precisa	0
uma bela de uma bosta	Bad
a rosca é difícil de encaixar	0
extremamento nojento acumula um monte de sujeira e cabelo e fica super difícil de limpar e retirar a sujeira e com o tempo mais suja do que limpa péssimo	0
minha cachorra se adaptou fácil no novo sanitário ótimo produto	0
acho ele maravilhoso porém o boticário tem um grande problema: tira os produtos de linha de repente e deixa os consumidores na mão isso é muito feio assim é melhor já começar a procurar um substituto porque está arriscado a sair de linha e ficar como estou agora - procurando uma base para substituir a duo base que eu tanto amava e foi retirada de linha de repente e sem substituto nunca mais uso somente o boticario	0
o relógio é muito pequeno ficou bom no pulso do meu filho de 6 anos mas para mim ficou muito feio mas cabe acrescentar é um produto de alta qualidade totalmente a prova dágua e com ótimas funcionalidades	0
descosturou na bunda não gostei	0
a entrega até o momento não foi efetuada devido a escolha dos correios como transportadora estando a loja ciente dessa debilidade e mesmo assim utilizando os correios como meio portanto estou me sentindo lesado pois já liguei duas vezes e estou nesse jogo de empurra entre a loja e a transportadora e não tive meu problema resolvido	0
o produto é bom mas duas coisas fizeram a compra ser ruim primeiro comprei a garrafa para dar de presente porém mesmo constando o produto em estoque fui informado que teria que optar por outra versão até aí tudo bem pois foi garantido e cumprida a entrega a tempo porém ao receber a encomenda a qual custou r$134 vejo que na garrafa consta uma etiqueta informando o preço de r$99 me senti lesado nao pelos r$35 mas por constar um preço mais baixo no produto	0
muito bonito mais veio com o bico da tampa rachado	0
o teclado feio sem funcionar a tecla enter e o segundo teclado não encaixava	0
pessimo modelo e muito feio material de pessima qualidade ainda por cima o tamanho e p/ criança	0
não gostei achei oleoso demais e a cor que fica na pele é feia	0
produto ok somente o interruptor que é bem feio mesmo no caso eu comprei outro separado original do corsa	0
fica lindo no corpo super sex	0
tive que cortar o trilho traseiro mais de 2 centimetros a furacao tambem nao estava correta todas foram refuradas no final da tampa ficou uma fenda e a capota nao fecha como devia	0
é o quarto relógio da euro que compro pela internet mas o primeiro diretamente no site euro não veio com película protetora do vidro não tinha trava vermelha no pino que movimenta os ponteiros o detalhe das tiras de couro viradas como na foto não vieram assim as tiras vieram todas soltas aspecto de relógio usado não usei ele até hoje sem esse detalhe na lateral ele fica muito feio	0
não gostei do modelo ( caixa ) plástico muito molenga deveria ser mais estruturado feio	0
perfeito no meu polo foda	0
cabo de otima qualidade tinha um cabo vagabundo da tecnoise dava um monte de chiados teoquei por esse acabou todos os chiados perfeito ate com o som quase sem audia o som fica perfeito	Bad
há anos eu uso sapatos milano com plena satisfação nunca me decepcionei com o produto em si no entanto minha ultima compra foi frustrante pois eu tinha pressa do produto paguei quase cinquenta rais no sedex (pois o site dizia que seria entregue em dois dias úteis) e só fui recebê-lo oito dias depois ou seja depois do evento que eu pretendia usar o sapato me senti um pouco lesado pela propaganda eu pretendia mesmo realizar a compra mas se soubesse que não chegaria no prazo estipulado não teria pago r$ 50 00 de sedex	0
o cesto da fragmentadora veio com o fundo rachado como eu estava precisando muito dela eu colei com super bonder e ficou bom	0
achei a cor feia vista ao vivo e havia solicitado embalagem presente e nao veio	0
porque não é o produto que está na imagem comprei do tamanho maior para cachorro grande e a peitoral veio muito pequena gostei do site mais não gostei do produto me senti enganado e lezado pois não tem como usar o produto tenho um golden retriever de 9 meses e a coleira não passou nem na cabeça dele	0
malha otima porem achei um defeitozinho na parte d bunda mas n atraplhou mt	0
eu achei o produto deixou meu cachorro ficou incomodado	0
um dos faróis veio com a lente rachada e com certeza não foi durante o transporte pois estava muito bem embalado não recomendo a compra	0
queimou na primeira musica e agora a loja nao cobre e eu tenho que arrumar e foda ne	Bad
ok um pouco duro e mais feio pessoalmente mas dá prá usar mesmo não tendo a pegada de um outro fila que comprei (hunger0	0
fabuloso fiquei feliz de rever minha cachorro animadíssima para se alimentar acho que por ser comida comida de verdade até a alergia na pele que ela tinha sumiu acho que as outras rações que são artificiaias provocavam essas alergias enfim pet delicia é um produto de qualidade e saudável sem falar no ótimo prexo que encontrei no female pet	0
eu gostei do biquini o único defeitinho que eu não gostei foi que o biquini vira na bunda e fica aparecendo um pouco a parte branca de dentro e a parte superior do biquini veio com desenho diferente e um tom de rosa mais escuro que o outro ia até perguntar se isso é normal fora isso ele é lindo	Bad
sem costura na bunda não da para usar como legging apenas meia-calça	0
gostei pra crl muito bom	0
parece um pouco brinquedo de cachorro tenho um labrador que talvez um dia pegue mas o importante é que foi o brinquedo que minha filha de 6 meses mais gostou até hoje	0
o produto é de boa qualidade o ruim é que por ser tamanho único sobra muito ao fechar o velcro e fica muito feio pra usar na rua	0
qualidade muito boa a grade é muito feia o cone deveria ser preto ao invés de prata por questão de estética do projeto no porta-malas	0
e ridicula esta pesquisa pois ate agora nao recebi o produto	Bad
a malha é bem fininha parece pano vagabundo mas o site é ótimo minha compra chegou no prazo previsto e com certeza voltarei a comprar	Bad
a guia em si é muito boa eu é que ainda não consegui me acostumar porque meu cachorro não anda só de um lado	0
o moleton é muito bonito charmoso poderia ser um pouquinho mais comprido ficou curto no dorso da minha cachorra e também demorou bastante para chegar mas atendimento foi muito bom e cordial recomendo	0
a caneca é muito boa mas imprimiram o logotipo da empresa sem me avisar no momento da compra nesta daqui ficou muito feio a caneca toda preta e esse logotipo colorido nada a ver	0
muito ruim a blusa alargou de tal maneira que virou um vestido longo maior que meu cachorro vou ter que cortar mais de um palmo	0
o produto funciona é ótimo como é mastigável e tem sabor meu cachorro não se recusou a comer como de costume	0
erram feio na confecção dessa camisa vou devolver	0
roda tudo ultra pqp	Bad
Desculpe mas quem me atendeu é doida	Bad
não gostei muito pois não fixa bem no pé do cachorro no primeiro dia já perdeu um pé	0
apesar de ser muito prático a cor é muito feia muito metálico não gostei	0
maravilhoso só tem um porém nem todas as coletes de pau e escumadeiras servem por exemplo a escumadeira da joseph não encaixa no apoio boa para silicones e bambus e deixa a cozinha muito mais organizada e limpa	0
adorei minha cachorra eh porte medio comprei o g e ela amou	0
o sutiã ã acomoda peitos maiores	0
bom porém não dá para classificar o atendimento premier muito pior que péssimo em todos os aspectos depois de uma experiência terrível onde consegui receber o produto depois de muito atraso recebi minha conta de telefone só em chamadas para a premier gastei mais de r$ 100 00 para conseguir resolver o problema só se for muito burro para voltar a comprar desta empresa	Bad
comprei uma coroa de 1 20x1 00 mas entregaram uma coroa menor e bem feia paguei por uma e entregaram outra	0
minha cachorra ficou apaixonada pelo milho fica roendo por horas deixando de ser tão ansiosa e roer outros objetos da casa muito bom	0
em relação ao produto ainda não o usei mas foi bom vocês pedirem minha opinião pq achei q a foto engana trouxa eu realmente me achei enganada pq a foto mostra um tamanho e qdo eu recebi me decepcionei o tamanho era um quarto do da fotografia isso não se faz deveria ser foto de tamanho real	0
até cumpre oque promete mas achei fedido e deixa o cabelo um pouco duro no dia seguinte	0
não gostei ficou feio no corpo por causa do material	0
fraco demais essencia fraca e vagabunda	Bad
funcional mas acabamento muito feio	0
eu não gostei desse autofalante bate muito feio rasga atoa péssimo	0
eu achei que o produto ressecou demais a pele já quando è passado não desliza bem e a pele ficou quebradiça e feia	0
produto muito bom atendeu todas as minhas expectativas pois tenho cachorro e tem época que ele solta muito pelo e com esse aspirador eu retiro todo o pelo do chão num instante vale a pena	0
diferente do último que comprei ficou feio	0
O cara que me antendeu era um nojo	Bad
produto bem com preço razoável mas bem vagabundo gavetas não tem nem rolamento nas fotos aparenta ser um produto de qualidade adicionamento chegou faltando 8 parafusos para montagem	Bad
eu achei o produto interessante mas o vibrador que vem junto muito fraco ele parou de funcionar e n]ao sabemos como abrir o compartimento do vibra pra ver qual é o problema ou mesmo para toca de pilha	0
capacete muito daora confortável estiloso muito foda	Bad
segundo minha veterinária é uma das únicas rações sem transgênico mas isso acaba deixando ela como uma das mais caras do mercado :( meu cachorro bem chato pra comer gosta bastante	0
perfume com fragrância doce mas na medida não tem projeção e fixação mostruosa como o 1 million por exemplo mas não faz feio o cheiro lembra um pouco o chocolate prestigio na saída foi uma compra no escuro e acertada	0
comprei a coleira no modelo indicado para meu cachorro e não se ajusta ao peitoral fica muito folgado cachorro continua puxando muito não cumpre o prometido late muito havia comprado uma de cabresto anteriormente e funcionou com essa o cachorro ficou muito agressivo com as pessoas outros cachorros e late muito foi um retrocesso	0
porque esse produto é ótimo minha cachorra adora nadar e s entrega foi perfeita	0
muito feio e material inferior	0
para treinar o meu cachorro a passear ele puxa muito	0
a minha cachorra não teve nenhum problema em aceitar a ração vegetariana a troca da ração ocorreu naturalmente	0
acabei não instalando porque ao vivo achei muito feio mas é gosto	0
o produto é excelente pena qur não recebi ele ainda comprei meu produto dia 19 /12 e já estamos no dia 7/01 (tempo de envio de 8 dias) sinceramente uma bosta iria comprar mais produtos aí mas estou pensando duas vezes antes de fazer isso	Bad
sem dúvida um dos melhores perfumes que eu possuo e que nas minhas contas está em 18 perfumes posso dizer que este é sem dúvida um the best e está entre os 5 melhores então eu recomendo a todos se quer um ótimo perfume para uma ótima noite de sexo e sedução pode comprá-lo sem medo	0
feia e de péssimo material	0
o tecido é fino e transparente veste mal as outras calças que eu comprei aqui são todas ótimas só essa que é feia	0
ótimo produto minha cadela adora	0
do produto ele e otimo mais a entrega dele paguei pelo cedex e tive que buscar o produto no correio paguei pelo serviço mais fui lesado por ele sem mais muito insastifeito pelo serviço prestado	0
a aparência da calça é feia mes	0
sobre protudo nao recebi nem me deram vale troca pior compra que fiz na minha vida pqp essa conect parts nao compro mais la	Bad
da primeira vez que usei a calça arrancou a presilha do cinto e um dos detalhes da perna abriu um rasgo de fora a fora parece que a calça esta podre	0
minha cachorra gostou de cara e comeu rapidinho creio que não segure o cão por mais tempo pela consist~encia diferente do couro mas valeu	0
adoramos a capa eu e meu cachorro ele ficou super confortável a capa se adapta perfeitamente ao banco do carro super indico ótimo acabamento adorei a lixeirinha combinando com a capa	0
essa vendedora é uma cadela	Bad
A minha cadela adorou a ração	0
A cadela da atendente é ruim	Bad